<parameters>
  <parameter name="AppPath" description="Full site path where you want to install Ghost." defaultValue="Ghost" tags="IisApp">
    <parameterEntry kind="ProviderPath" scope="iisApp" match="Ghost" />
  </parameter>
  <parameter tags="Hidden" defaultValue="{AppPath}/content" name="SetAclParameter1">
    <parameterEntry match="Ghost/content" scope="setAcl" type="ProviderPath"/>
  </parameter>
  <parameter name="Url" friendlyName="Ghost URL" description="The URL where Ghost will be hosted." defaultValue="http://my-ghost-blog.com" tags="AppURL">
    <parameterEntry type="TextFile" scope="config.js" match="PlaceholderForUrl" />
  </parameter>
  <parameter name="Email Service Name" friendlyName="Email Service" description="The email service that Ghost should use." defaultValue="Gmail">
    <parameterValidation type="Enumeration" validationString="Gmail,Mailgun,SendGrid,Postmark" />
    <parameterEntry type="TextFile" scope="config.js" match="PlaceholderForService" />
  </parameter>
  <parameter name="Email Service User" friendlyName="Email Service User" description="The user of the email service.">
    <parameterEntry type="TextFile" scope="config.js" match="PlaceholderForUser" />
  </parameter>
  <parameter name="Email Service Password" friendlyName="Email Service Password" description="The password for the user of the email service." tags="New, Password, NoStore">
    <parameterEntry type="TextFile" scope="config.js" match="PlaceholderForPassword" />
  </parameter>
</parameters>